{
	"class_name" : "PinholeCameraParameters",
	"extrinsic" : 
	[
		0.12489002485238417,
		0.9717859264791131,
		-0.20008646828184734,
		0.0,
		-0.99071293667089744,
		0.1112168784840401,
		-0.078222011308792444,
		0.0,
		-0.053762057301571568,
		0.2079974015159759,
		0.97665076775544724,
		-1000.0,
		0.03478112440485491,
		0.038990338887990736,
		0.55126708471704089,
		1.0
	],
	"intrinsic" : 
	{
		"height" : 1080,
		"intrinsic_matrix" : 
		[
			935.30743608719399,
			0.0,
			0.0,
			0.0,
			935.30743608719399,
			0.0,
			959.5,
			539.5,
			1.0
		],
		"width" : 1920
	},
	"version_major" : 1,
	"version_minor" : 0
}